{"frame": [0.049909691708927784, 0.035632514316260154, 1.3250167917346793, -0.016483480342656176, -0.9953022970268698, -0.07834034307987998, 0.054446515544582755], "scale": 1.1251906314228939}