{"body": {"arm_right": {"dim": [0.1, 0.3, 0.1], "mass": 4}, "head": {"dim": [0.25, 0.25, 0.25], "mass": 5}, "upperback": {"dim": [0.4, 0.4, 0.25], "mass": 10}, "forearm_right": {"dim": [0.1, 0.5, 0.1], "mass": 3}, "lowerback": {"dim": [0.3, 0.25, 0.25], "mass": 10}, "femur_left": {"dim": [0.2, 0.5, 0.2], "mass": 7}, "tibia_right": {"dim": [0.1, 0.4, 0.1], "mass": 5}, "femur_right": {"dim": [0.2, 0.5, 0.2], "mass": 7}, "tibia_left": {"dim": [0.1, 0.4, 0.1], "mass": 5}, "forearm_left": {"dim": [0.1, 0.5, 0.1], "mass": 3}, "arm_left": {"dim": [0.1, 0.3, 0.1], "mass": 4}, "foot_left": {"dim": [0.1, 0.3, 0.1], "mass": 2}, "foot_right": {"dim": [0.1, 0.3, 0.1], "mass": 2}}, "joint": {"neck": {"compliance": 0.01, "coords": [["head", [0, -0.125, 0]], ["upperback", [0, 0.2, 0]]], "rest": [0.0, 0.0, 0.0, 1.0]}, "spine": {"compliance": 0.001, "coords": [["upperback", [0, -0.2, 0]], ["lowerback", [0, 0.125, 0]]], "rest": [0.0, 0.0, 0.0, 1.0]}, "shoulder_right": {"compliance": 0.01, "coords": [["upperback", [-0.24, 0.2, 0]], ["arm_right", [0, 0.15, 0]]], "rest": [-0.0, -0.0, -0.25881904510252074, 0.9659258262890683]}, "hip_left": {"compliance": 0.01, "coords": [["lowerback", [0.15, -0.125, 0]], ["femur_left", [0, 0.25, 0]]], "rest": [0.0, 0.0, 0.0, 1.0]}, "elbow_right": {"compliance": [0.01, 1e-08, 1e-08], "coords": [["arm_right", [0, -0.15, 0]], ["forearm_right", [0, 0.25, 0]]], "rest": [-0.25881904510252074, -0.0, -0.0, 0.9659258262890683]}, "knee_right": {"compliance": [0.01, 1e-08, 1e-08], "coords": [["femur_right", [0, -0.25, 0]], ["tibia_right", [0, 0.2, 0]]], "rest": [0.25881904510252074, 0.0, 0.0, 0.9659258262890683]}, "ankle_right": {"compliance": 0.01, "coords": [["tibia_right", [0, -0.2, 0]], ["foot_right", [0, 0.15, 0]]], "rest": [-0.7071067811865475, -0.0, -0.0, 0.7071067811865476]}, "elbow_left": {"compliance": [0.01, 1e-08, 1e-08], "coords": [["arm_left", [0, -0.15, 0]], ["forearm_left", [0, 0.25, 0]]], "rest": [-0.25881904510252074, -0.0, -0.0, 0.9659258262890683]}, "hip_right": {"compliance": 0.01, "coords": [["lowerback", [-0.15, -0.125, 0]], ["femur_right", [0, 0.25, 0]]], "rest": [0.0, 0.0, 0.0, 1.0]}, "knee_left": {"compliance": [0.01, 1e-08, 1e-08], "coords": [["femur_left", [0, -0.25, 0]], ["tibia_left", [0, 0.2, 0]]], "rest": [0.25881904510252074, 0.0, 0.0, 0.9659258262890683]}, "shoulder_left": {"compliance": 0.01, "coords": [["upperback", [0.24, 0.2, 0]], ["arm_left", [0, 0.15, 0]]], "rest": [0.0, 0.0, 0.25881904510252074, 0.9659258262890683]}, "ankle_left": {"compliance": 0.01, "coords": [["tibia_left", [0, -0.2, 0]], ["foot_left", [0, 0.15, 0]]], "rest": [-0.7071067811865475, -0.0, -0.0, 0.7071067811865476]}}}
